<?xml version="1.0" encoding="UTF-8"?>
<project-private xmlns="http://www.netbeans.org/ns/project-private/1">
    <editor-bookmarks xmlns="http://www.netbeans.org/ns/editor-bookmarks/2" lastBookmarkId="0"/>
    <open-files xmlns="http://www.netbeans.org/ns/projectui-open-files/2">
        <group>
            <file>file:/C:/Development/mm/pm-partners/pmp-booking-plugin/PMPartnersBookingWidget/booking-widget.php</file>
            <file>file:/C:/Development/mm/pm-partners/pmp-booking-plugin/PMPartnersBookingWidget/includes/product-bundle-shortcode.php</file>
            <file>file:/C:/Development/mm/pm-partners/pmp-booking-plugin/PMPartnersBookingWidget/includes/abstracts/class-shortcode.php</file>
        </group>
    </open-files>
</project-private>
